id,title,family,tier,rq,variable,values,metrics,starter,core_runs,extension,publication
P01,İstemci Yoğunluğu ve WLAN Doyumu,MAC / Contention,Standard,"Kalibre edilmiş iç mekân kanalında bağlı istasyon sayısı arttıkça aggregate throughput, delay, PDR ve fairness nasıl değişir?",nSta,5 | 10 | 20 | 30 | 40,aggregate throughput; mean delay; PDR; Jain fairness,common,50,İki offered-load seviyesi ekleyerek saturation boundary’yi belirleyin.,Propagation calibration’a karşı yoğunluk duyarlılığı.
P02,Offered Load ve Doyum Eşiği,MAC / Traffic,Standard,Bir Wi-Fi hücresi hangi offered load seviyesinde unsaturated durumdan saturated duruma geçer ve propagation calibration bu sınırı değiştirir mi?,offeredLoadMbpsPerSta,0.5 | 1 | 2 | 4 | 8,throughput; delay; PDR; fairness,common,50,Knee point’i algoritmik olarak tahmin edip P0/P1’i karşılaştırın.,Saturation-boundary duyarlılığı.
P03,Hidden Terminal ve RTS/CTS,MAC / Contention,Intermediate,Textbook ve calibrated propagation altında hidden-terminal geometrisinde RTS/CTS hangi koşullarda performansı iyileştirir?,enableRts,0 | 1,throughput; delay; PDR; retransmission/collision proxy,special-p03,20,RTS threshold veya hidden-node attenuation için ek sweep yapın.,RTS/CTS sonucunun channel calibration’a karşı robustness’u.
P04,Paket Boyutu ve MAC Verimliliği,MAC / Traffic,Standard,Aynı offered load altında application packet size WLAN verimliliğini ve güvenilirliğini nasıl etkiler?,packetSize,200 | 500 | 800 | 1200 | 1472,throughput; delay; PDR; fairness,common,50,İkinci bir load seviyesinde deneyi tekrarlayın.,Calibrated channel altında packet-size etkisi.
P05,Kalibrasyon Gerçekten Fark Yaratıyor mu?,Propagation / Validation,Intermediate,"Measurement-calibrated log-distance model, textbook n=2 modele göre tahmin edilen received-performance trendlerini ne ölçüde değiştirir?",propagation model,P0 | P1 | P2 | P3,RSSI/received-power trend where available; throughput; PDR; delay; model sensitivity,common,80,Hold-out measurements ile RMSE validation ekleyin.,Calibration/validation makalesinin temel work package’ı.
P06,Mesafe ve Ağ Performansı,Propagation / Coverage,Standard,"AP–client mesafesindeki artış, path loss üzerinden throughput, delay ve PDR’a nasıl yansır?",distanceM,2 | 5 | 10 | 15 | 20,throughput; delay; PDR; fairness,common,50,Kritik mesafelerde P2/P3 uncertainty bounds ekleyin.,Coverage boundary duyarlılığı.
P07,"Transmit Power, Coverage ve Verimlilik",Propagation / Coverage,Standard,"Transmit power, calibrated channel altında kullanılabilir coverage bölgesini ve performansı nasıl değiştirir?",txPowerDbm,8 | 11 | 14 | 17 | 20,throughput; PDR; delay; coverage threshold,common,50,Performansı transmit power’a normalize edip energy trade-off’u tartışın.,Calibration altında Tx-power duyarlılığı.
P08,Küçük İç Mekânda AP Yerleşimi,Topology / Planning,Intermediate,Sabit client layout için calibrated propagation altında hangi AP placement throughput/fairness açısından daha iyi sonuç verir?,apPlacement,center | edge | corner,aggregate throughput; per-client throughput; PDR; Jain fairness,common-room,30,İkinci bir client-density pattern ekleyin.,Planning sonucunun calibration’a duyarlılığı.
P09,Ölçüm-Temelli Propagation ile 2.4 GHz vs 5 GHz,PHY / Propagation,Intermediate,Frequency-dependent 1 m reference loss ve measurement-informed distance exponent tutarlı ele alındığında 2.4 ve 5 GHz nasıl karşılaştırılır?,bandGHz,2.4 | 5,throughput; PDR; delay; coverage trend,common,40,Kontrollü bir 2.4-GHz reference dataset toplayıp ayrıca fit edin.,Cross-band calibration metodolojisi.
P10,Channel Width Trade-off,PHY / Configuration,Intermediate,Channel width 20 MHz’den 40/80 MHz’e çıkarıldığında ne zaman throughput artar ve ne zaman channel quality avantajı sınırlar?,channelWidthMHz,20 | 40 | 80,throughput; delay; PDR; fairness,common,30,Near ve edge-of-coverage mesafelerinde tekrar edin.,Bandwidth/channel-quality etkileşimi.
P11,Rate Adaptation vs Sabit MCS,PHY / Configuration,Intermediate,"Propagation kötüleştikçe adaptive rate selection, fixed MCS seçeneklerine göre ne kadar robust davranır?",rateManager / dataMode,ideal | fixed-low | fixed-mid | fixed-high,throughput; PDR; delay,common,40,Her fixed mode’un viable olmaktan çıktığı mesafeyi belirleyin.,Rate-selection robustness’unun calibration’a duyarlılığı.
P12,İki WLAN Arasında Co-channel Interference,Interference / Topology,Advanced,"Komşu same-channel BSS, separated-channel baseline’a göre performansı ne kadar düşürür ve calibration bu sonucu değiştirir mi?",channel plan,same-channel | separate-channel,per-BSS throughput; delay; PDR; fairness,special-p12,20,BSS separation veya asymmetric load sweep yapın.,Co-channel sonucunun calibration’a duyarlılığı.
P13,Yoğun Yükte Wi-Fi 5 vs Wi-Fi 6,Modern Wi-Fi,Intermediate,Aynı topology ve traffic altında client density arttıkça 802.11ac ve 802.11ax nasıl karşılaştırılır?,standard,ac | ax,throughput; delay; PDR; fairness,common,40,İkinci bir channel width veya traffic profile ekleyin.,Standard comparison sonucunun calibrated propagation’a duyarlılığı.
P14,Karma Trafikte EDCA / QoS,QoS,Advanced,Best-effort traffic aynı calibrated WLAN için rekabet ederken EDCA delay-sensitive trafiği ne ölçüde korur?,traffic mix / access category,light-BE | heavy-BE,per-class throughput; per-class delay; PDR,special-p14,20,Bir EDCA parametresini değiştirip mühendislik gerekçesini açıklayın.,Channel calibration altında QoS robustness.
P15,Yoğun 802.11ax Ortamında OFDMA,Modern Wi-Fi,Advanced,Aynı propagation koşullarında OFDMA hangi client-density düzeylerinde single-user scheduling’e göre avantaj sağlar?,OFDMA,off | on,aggregate/per-user throughput; delay; fairness,special-p15,20,UL OFDMA veya BSRP’yi ikinci factor olarak ekleyin.,OFDMA faydasının channel calibration’a duyarlılığı.
P16,Kalibre Coverage Gradient Boyunca Mobility,Mobility / Propagation,Intermediate,Hareketli bir station calibrated coverage gradient boyunca ilerlerken performansı nasıl değişir?,mobilitySpeedMps,0.5 | 1 | 1.5,throughput; PDR; delay over run; outage/edge behavior,common-mobility,30,İkinci bir trajectory veya P2/P3 uncertainty ekleyin.,Mobility/outage duyarlılığının calibration’a etkisi.
