unit_id,session_id,device_id,bssid,band_ghz,distance_m,sample,rssi_dbm,notes
G01,S1,LaptopA,02:11:22:33:44:55,5.0,1,1,-40.2,synthetic
G01,S1,LaptopA,02:11:22:33:44:55,5.0,1,2,-39.8,synthetic
G01,S1,LaptopA,02:11:22:33:44:55,5.0,2,1,-45.5,synthetic
G01,S1,LaptopA,02:11:22:33:44:55,5.0,2,2,-46.1,synthetic
G01,S1,LaptopA,02:11:22:33:44:55,5.0,4,1,-51.9,synthetic
G01,S1,LaptopA,02:11:22:33:44:55,5.0,4,2,-52.4,synthetic
G01,S1,LaptopA,02:11:22:33:44:55,5.0,8,1,-57.6,synthetic
G01,S1,LaptopA,02:11:22:33:44:55,5.0,8,2,-58.2,synthetic
G01,S1,LaptopA,02:11:22:33:44:55,5.0,12,1,-61.7,synthetic
G01,S1,LaptopA,02:11:22:33:44:55,5.0,12,2,-62.1,synthetic
G02,S1,LaptopB,02:11:22:33:44:55,5.0,1,1,-42.0,synthetic
G02,S1,LaptopB,02:11:22:33:44:55,5.0,1,2,-41.4,synthetic
G02,S1,LaptopB,02:11:22:33:44:55,5.0,2,1,-47.7,synthetic
G02,S1,LaptopB,02:11:22:33:44:55,5.0,2,2,-48.1,synthetic
G02,S1,LaptopB,02:11:22:33:44:55,5.0,4,1,-54.4,synthetic
G02,S1,LaptopB,02:11:22:33:44:55,5.0,4,2,-54.8,synthetic
G02,S1,LaptopB,02:11:22:33:44:55,5.0,8,1,-60.7,synthetic
G02,S1,LaptopB,02:11:22:33:44:55,5.0,8,2,-61.3,synthetic
G02,S1,LaptopB,02:11:22:33:44:55,5.0,12,1,-64.9,synthetic
G02,S1,LaptopB,02:11:22:33:44:55,5.0,12,2,-65.3,synthetic
